feature,strong_buy_mean,normal_mean,difference
vwap_distance,103.02021646257249,-88.05659771353488,191.07681417610738
ema8_distance,70.85223171572596,75.7498243616269,-4.897592645900943
volume_ratio,1.1215119764408403,1.004473150284803,0.11703882615603733
upper_shadow,334.95486459378134,279.52681388012616,55.42805071365518
lower_shadow,333.65095285857575,317.2712933753943,16.379659483181456
atr14,1362.1937240292307,1228.5218566922035,133.67186733702715
day_position,0.524727066249114,0.5218399960667813,0.002887070182332696
